{
  "method": "umap",
  "projections": {
    "Q186162": {
      "x": 0.31894390647117965,
      "y": 1.7143041802961834
    },
    "Q375063": {
      "x": 0.006929737789099473,
      "y": 1.1098429883690284
    },
    "Q452523": {
      "x": -1.7160559086120264,
      "y": 1.2314079386019354
    },
    "Q628536": {
      "x": -1.2916731808826936,
      "y": 2.6862181439314954
    },
    "Q1362653": {
      "x": -3.356852521119953,
      "y": 1.7570930227723323
    },
    "Q1514155": {
      "x": -0.3770843363968952,
      "y": 1.5466439366246276
    },
    "Q2299902": {
      "x": -0.30150541858102375,
      "y": 2.4271652825695544
    },
    "Q2836444": {
      "x": 0.3327410012921694,
      "y": 1.4103197267082663
    },
    "Q2910617": {
      "x": -0.6886619916895355,
      "y": 2.919183423785356
    },
    "Q3010123": {
      "x": -2.7306072970054442,
      "y": 2.8076630440970174
    },
    "Q4305798": {
      "x": -3.2064654681996756,
      "y": 0.7320592232018893
    },
    "Q4401101": {
      "x": -3.3087238725388355,
      "y": 1.224313574384525
    },
    "Q4684048": {
      "x": -2.1749790858743876,
      "y": 1.8605759443319918
    },
    "Q5608755": {
      "x": -2.600918722378959,
      "y": 1.6923668549390765
    },
    "Q6691850": {
      "x": -1.111044476901328,
      "y": 1.6532977499355195
    },
    "Q7750400": {
      "x": -2.7620329482754427,
      "y": 0.7970638058315962
    },
    "Q7770294": {
      "x": -1.8196989560101287,
      "y": 3.025512930052986
    },
    "Q7991326": {
      "x": -2.5396327362953866,
      "y": 1.2824580526326717
    },
    "Q12837132": {
      "x": -3.088326604099197,
      "y": 1.351999548369935
    },
    "Q18215107": {
      "x": -1.0549845075944515,
      "y": 2.184327572446276
    },
    "Q25396906": {
      "x": -3.1560510821210315,
      "y": 3.5351055964151583
    },
    "Q47175941": {
      "x": -0.11413287688711106,
      "y": 2.537640827175656
    },
    "Q49139300": {
      "x": -1.9509207804946826,
      "y": 1.9940677389713282
    },
    "Q65084678": {
      "x": -1.1089397991576346,
      "y": 3.1747358388988
    },
    "Q85853754": {
      "x": -1.573724701873727,
      "y": 2.404155518440041
    },
    "Q107170059": {
      "x": -3.5754607046299576,
      "y": 3.685476987080362
    },
    "Q107287298": {
      "x": -2.7861134907721765,
      "y": 3.130080775028949
    },
    "Q107509220": {
      "x": -3.3238368618390064,
      "y": 2.578885141979776
    },
    "Q108899563": {
      "x": -0.8627515232099782,
      "y": 1.0250546119399473
    },
    "Q108926950": {
      "x": -0.5292734580791635,
      "y": 1.3453796245672112
    },
    "Q108940911": {
      "x": -0.162428937591384,
      "y": 1.809340477989736
    },
    "Q109241398": {
      "x": -0.7456563203569861,
      "y": 1.8429390576820306
    },
    "Q109312922": {
      "x": -3.1967033427453946,
      "y": 3.2246518523116787
    },
    "Q110805609": {
      "x": -2.5614660903115056,
      "y": 2.441146006800968
    },
    "Q110891042": {
      "x": -1.999863646789558,
      "y": 2.705932398398913
    },
    "Q111207768": {
      "x": -3.2946889198226748,
      "y": 4.136245826833938
    },
    "Q120752774": {
      "x": -0.41509622244485755,
      "y": 2.116554767057086
    },
    "Q122872507": {
      "x": -2.2399505635377888,
      "y": 0.9224514166430103
    },
    "Q125150695": {
      "x": -2.9785887998392258,
      "y": 2.1511612628261347
    },
    "Q130751511": {
      "x": -2.357356680405014,
      "y": 2.934188494394975
    },
    "Q134697935": {
      "x": -2.2486720537274163,
      "y": 4.379512259796723
    },
    "Q134954178": {
      "x": -1.7004337317899405,
      "y": 3.707903813568433
    },
    "Q134989974": {
      "x": -1.9972821613248042,
      "y": 2.2770424172577455
    },
    "Q136175036": {
      "x": -0.13103909210965065,
      "y": 1.0885207168572142
    },
    "Q136399481": {
      "x": -2.5111748509280547,
      "y": 3.730145770820955
    },
    "Q136399567": {
      "x": -2.442028875967638,
      "y": 4.035884424960502
    },
    "Q136539701": {
      "x": -2.4785878767531693,
      "y": 4.625191326359264
    },
    "Q137585081": {
      "x": -2.9934999828319393,
      "y": 4.564458811724311
    },
    "Q137585082": {
      "x": -2.857652157667082,
      "y": 4.168354895419348
    },
    "Q137585083": {
      "x": -2.792146766552747,
      "y": 4.349029172762681
    },
    "Q137884369": {
      "x": -2.1056300591681936,
      "y": 3.3348233835949177
    },
    "Q137895981": {
      "x": -1.9134273872347785,
      "y": 4.104641117817947
    }
  }
}